{
  "minecraft:recipes/misc/charcoal": {
    "criteria": {
      "has_log": "2024-10-22 22:34:34 +0000"
    },
    "done": true
  },
  "minecraft:recipes/building_blocks/spruce_planks": {
    "criteria": {
      "has_logs": "2024-10-22 22:34:34 +0000"
    },
    "done": true
  },
  "minecraft:recipes/building_blocks/spruce_wood": {
    "criteria": {
      "has_log": "2024-10-22 22:34:34 +0000"
    },
    "done": true
  },
  "minecraft:adventure/adventuring_time": {
    "criteria": {
      "minecraft:taiga": "2024-10-22 22:34:00 +0000"
    },
    "done": false
  },
  "DataVersion": 2586
}